{"cameraMode":{"drawMode":0,"name":"Shaded","section":"Shading Mode"},"sceneLighting":false,"audioPlay":false,"sceneViewState":{"showFog":true,"showMaterialUpdate":false,"showSkybox":false,"showFlares":true,"showImageEffects":true,"showParticleSystems":true},"in2DMode":false,"pivot":{"x":0.33321666717529299,"y":-0.9497451782226563,"z":3.0},"rotation":{"x":-0.0407964326441288,"y":-0.011391403153538704,"z":0.0005016718641854823,"w":-0.9991167783737183},"size":17.32050895690918,"orthographic":false}