{"cameraMode":{"drawMode":0,"name":"Shaded","section":"Shading Mode"},"sceneLighting":false,"audioPlay":false,"sceneViewState":{"showFog":true,"showMaterialUpdate":false,"showSkybox":false,"showFlares":true,"showImageEffects":true,"showParticleSystems":true},"in2DMode":false,"pivot":{"x":0.33321666717529299,"y":-0.9497451782226563,"z":3.0},"rotation":{"x":-0.24818851053714753,"y":-0.000874487217515707,"z":0.0002241717156721279,"w":-0.9687117338180542},"size":17.32050895690918,"orthographic":false}